ID,Blight,Common_Rust,Gray_Leaf_Spot,Healthy
image_000001.jpg,0.7314,0.01391,0.23257,0.02212
image_000002.JPG,0.00108,0.00085,0.00012,0.99795
image_000003.JPG,0,1,0,0
image_000004.JPG,0.26471,0.03529,0.06836,0.63164
image_000005.JPG,0.00045,0.00035,0.00012,0.99908
